eventId,subEventName,tags,playerId,positions,matchId,eventName,teamId,matchPeriod,eventSec,subEventId,id,tagsList,pos_orig_y,pos_orig_x,pos_dest_y,pos_dest_x
10,Shot,"[{'id': 402}, {'id': 2101}, {'id': 201}, {'id': 1802}]",3322,"[{'y': 27, 'x': 91}, {'y': 0, 'x': 0}]",2565596,Shot,675,1H,31.052085000000005,100.0,189337978,"[402, 2101, 201, 1802]",71,33,76,64
10,Shot,"[{'id': 402}, {'id': 201}, {'id': 1201}, {'id': 1801}]",3322,"[{'y': 48, 'x': 96}, {'y': 0, 'x': 0}]",2565596,Shot,675,1H,548.744061,100.0,189338889,"[402, 201, 1201, 1801]",3,86,11,79
10,Shot,"[{'id': 1901}, {'id': 402}, {'id': 201}, {'id': 1202}, {'id': 1801}]",3322,"[{'y': 66, 'x': 86}, {'y': 0, 'x': 0}]",2565596,Shot,675,1H,1680.492397,100.0,189338567,"[1901, 402, 201, 1202, 1801]",75,40,53,33
10,Shot,"[{'id': 403}, {'id': 201}, {'id': 1214}, {'id': 1802}]",3322,"[{'y': 48, 'x': 88}, {'y': 0, 'x': 0}]",2565596,Shot,675,1H,2194.885414,100.0,189338722,"[403, 201, 1214, 1802]",53,8,51,8
10,Shot,"[{'id': 1901}, {'id': 402}, {'id': 2101}, {'id': 201}, {'id': 1802}]",3322,"[{'y': 27, 'x': 90}, {'y': 0, 'x': 0}]",2565596,Shot,675,1H,2622.598304,100.0,189338796,"[1901, 402, 2101, 201, 1802]",70,61,63,77
10,Shot,"[{'id': 402}, {'id': 201}, {'id': 1210}, {'id': 1802}]",3322,"[{'y': 55, 'x': 93}, {'y': 0, 'x': 0}]",2565596,Shot,675,1H,2806.388624,100.0,189338871,"[402, 201, 1210, 1802]",20,7,37,14
10,Shot,"[{'id': 402}, {'id': 201}, {'id': 1210}, {'id': 1802}]",3322,"[{'y': 70, 'x': 87}, {'y': 0, 'x': 0}]",2565596,Shot,675,2H,251.0289520000001,100.0,189338999,"[402, 201, 1210, 1802]",74,20,54,47
10,Shot,"[{'id': 402}, {'id': 201}, {'id': 1216}, {'id': 1802}]",3322,"[{'y': 61, 'x': 90}, {'y': 0, 'x': 0}]",2565596,Shot,675,2H,309.74299800000017,100.0,189339014,"[402, 201, 1216, 1802]",68,24,71,20
10,Shot,"[{'id': 1901}, {'id': 401}, {'id': 201}, {'id': 1214}, {'id': 1802}]",3322,"[{'y': 48, 'x': 86}, {'y': 0, 'x': 0}]",2565596,Shot,675,2H,1673.6322360000004,100.0,189339377,"[1901, 401, 201, 1214, 1802]",86,37,93,60
10,Shot,"[{'id': 402}, {'id': 201}, {'id': 1215}, {'id': 1802}]",3322,"[{'y': 62, 'x': 94}, {'y': 100, 'x': 100}]",2565598,Shot,675,1H,1751.050993,100.0,189992367,"[402, 201, 1215, 1802]",12,35,9,22
10,Shot,"[{'id': 402}, {'id': 201}, {'id': 1212}, {'id': 1802}]",3322,"[{'y': 31, 'x': 89}, {'y': 100, 'x': 100}]",2565598,Shot,675,2H,73.36729500000001,100.0,189992696,"[402, 201, 1212, 1802]",40,58,29,52
10,Shot,"[{'id': 401}, {'id': 201}, {'id': 1210}, {'id': 1802}]",3322,"[{'y': 34, 'x': 74}, {'y': 100, 'x': 100}]",2565598,Shot,675,2H,446.77231200000006,100.0,189992821,"[401, 201, 1210, 1802]",69,17,62,19
10,Shot,"[{'id': 1901}, {'id': 401}, {'id': 201}, {'id': 1218}, {'id': 1802}]",3322,"[{'y': 69, 'x': 88}, {'y': 100, 'x': 100}]",2565598,Shot,675,2H,1056.9675479999996,100.0,189993035,"[1901, 401, 201, 1218, 1802]",23,54,4,38
10,Shot,"[{'id': 401}, {'id': 201}, {'id': 1202}, {'id': 1801}]",3322,"[{'y': 24, 'x': 81}, {'y': 100, 'x': 100}]",2565598,Shot,675,2H,2340.203798,100.0,189993402,"[401, 201, 1202, 1801]",11,28,0,20
10,Shot,"[{'id': 1901}, {'id': 401}, {'id': 201}, {'id': 1214}, {'id': 1802}]",3322,"[{'y': 37, 'x': 90}, {'y': 0, 'x': 0}]",2565609,Shot,675,1H,1833.107465,100.0,192672119,"[1901, 401, 201, 1214, 1802]",93,77,93,77
10,Shot,"[{'id': 402}, {'id': 201}, {'id': 1202}, {'id': 1801}]",3322,"[{'y': 62, 'x': 93}, {'y': 0, 'x': 0}]",2565609,Shot,675,1H,1977.032164,100.0,192672146,"[402, 201, 1202, 1801]",27,68,27,68
10,Shot,"[{'id': 403}, {'id': 1216}, {'id': 1802}]",3322,"[{'y': 58, 'x': 90}, {'y': 0, 'x': 0}]",2565609,Shot,675,1H,2417.704978,100.0,192672236,"[403, 1216, 1802]",87,82,87,82
10,Shot,"[{'id': 403}, {'id': 201}, {'id': 1212}, {'id': 1802}]",3322,"[{'y': 42, 'x': 91}, {'y': 0, 'x': 0}]",2565609,Shot,675,1H,2533.814528,100.0,192672249,"[403, 201, 1212, 1802]",46,53,70,44
10,Shot,"[{'id': 402}, {'id': 201}, {'id': 1205}, {'id': 1801}]",3322,"[{'y': 48, 'x': 87}, {'y': 100, 'x': 100}]",2565619,Shot,675,1H,602.247794,100.0,196263082,"[402, 201, 1205, 1801]",16,63,84,37
10,Shot,"[{'id': 402}, {'id': 201}, {'id': 1201}, {'id': 1801}]",3322,"[{'y': 75, 'x': 83}, {'y': 100, 'x': 100}]",2565619,Shot,675,1H,1884.856222,100.0,196263483,"[402, 201, 1201, 1801]",0,0,100,100
10,Shot,"[{'id': 401}, {'id': 201}, {'id': 1211}, {'id': 1802}]",3322,"[{'y': 43, 'x': 97}, {'y': 100, 'x': 100}]",2565619,Shot,675,2H,1635.701239,100.0,196264207,"[401, 201, 1211, 1802]",2,83,93,21
10,Shot,"[{'id': 101}, {'id': 402}, {'id': 201}, {'id': 1205}, {'id': 1801}]",3322,"[{'y': 60, 'x': 91}, {'y': 100, 'x': 100}]",2565619,Shot,675,2H,2379.460637,100.0,196264397,"[101, 402, 201, 1205, 1801]",31,34,82,66
10,Shot,"[{'id': 402}, {'id': 2101}, {'id': 1802}]",3322,"[{'y': 53, 'x': 80}, {'y': 0, 'x': 0}]",2565633,Shot,675,1H,1007.676043,100.0,198902045,"[402, 2101, 1802]",53,54,53,54
10,Shot,"[{'id': 402}, {'id': 201}, {'id': 1201}, {'id': 1801}]",3322,"[{'y': 62, 'x': 91}, {'y': 0, 'x': 0}]",2565633,Shot,675,2H,1241.5140680000004,100.0,198903260,"[402, 201, 1201, 1801]",17,66,17,66
10,Shot,"[{'id': 402}, {'id': 201}, {'id': 1210}, {'id': 1802}]",3322,"[{'y': 66, 'x': 97}, {'y': 0, 'x': 0}]",2565633,Shot,675,2H,1996.306883,100.0,198903404,"[402, 201, 1210, 1802]",49,77,49,77
10,Shot,"[{'id': 402}, {'id': 201}, {'id': 1206}, {'id': 1801}]",3322,"[{'y': 69, 'x': 91}, {'y': 0, 'x': 0}]",2565633,Shot,675,2H,2567.3208940000004,100.0,198903513,"[402, 201, 1206, 1801]",64,74,64,74
10,Shot,"[{'id': 402}, {'id': 201}, {'id': 1201}, {'id': 1801}]",3322,"[{'y': 33, 'x': 81}, {'y': 100, 'x': 100}]",2565644,Shot,675,1H,673.937012,100.0,201109895,"[402, 201, 1201, 1801]",95,40,5,60
10,Shot,"[{'id': 401}, {'id': 2101}, {'id': 201}, {'id': 1802}]",3322,"[{'y': 48, 'x': 85}, {'y': 100, 'x': 100}]",2565644,Shot,675,1H,1325.802,100.0,201110081,"[401, 2101, 201, 1802]",69,34,30,65
10,Shot,"[{'id': 403}, {'id': 201}, {'id': 1215}, {'id': 1802}]",3322,"[{'y': 49, 'x': 92}, {'y': 100, 'x': 100}]",2565644,Shot,675,1H,1356.380425,100.0,201110087,"[403, 201, 1215, 1802]",6,84,6,84
10,Shot,"[{'id': 1901}, {'id': 401}, {'id': 201}, {'id': 1203}, {'id': 1801}]",3322,"[{'y': 56, 'x': 89}, {'y': 100, 'x': 100}]",2565644,Shot,675,1H,1541.614446,100.0,201110140,"[1901, 401, 201, 1203, 1801]",38,69,62,31
10,Shot,"[{'id': 403}, {'id': 201}, {'id': 1203}, {'id': 1801}]",3322,"[{'y': 53, 'x': 90}, {'y': 100, 'x': 100}]",2565644,Shot,675,2H,1549.6564070000004,100.0,201110911,"[403, 201, 1203, 1801]",36,14,36,14
10,Shot,"[{'id': 402}, {'id': 1213}, {'id': 1802}]",3322,"[{'y': 56, 'x': 90}, {'y': 100, 'x': 100}]",2565644,Shot,675,2H,1940.6873560000004,100.0,201111047,"[402, 1213, 1802]",54,90,44,11
10,Shot,"[{'id': 403}, {'id': 2101}, {'id': 201}, {'id': 1802}]",3322,"[{'y': 58, 'x': 92}, {'y': 100, 'x': 100}]",2565644,Shot,675,2H,2053.1979090000004,100.0,201111070,"[403, 2101, 201, 1802]",65,57,65,57
10,Shot,"[{'id': 401}, {'id': 201}, {'id': 1215}, {'id': 1802}]",3322,"[{'y': 34, 'x': 91}, {'y': 0, 'x': 0}]",2565657,Shot,675,1H,992.459847,100.0,203305068,"[401, 201, 1215, 1802]",61,6,61,6
10,Shot,"[{'id': 401}, {'id': 201}, {'id': 1218}, {'id': 1802}]",3322,"[{'y': 64, 'x': 81}, {'y': 0, 'x': 0}]",2565657,Shot,675,1H,1622.151554,100.0,203305240,"[401, 201, 1218, 1802]",16,77,16,77
10,Shot,"[{'id': 403}, {'id': 201}, {'id': 1201}, {'id': 1801}]",3322,"[{'y': 43, 'x': 93}, {'y': 0, 'x': 0}]",2565657,Shot,675,1H,2089.995007,100.0,203305386,"[403, 201, 1201, 1801]",17,7,51,93
10,Shot,"[{'id': 402}, {'id': 201}, {'id': 1216}, {'id': 1802}]",3322,"[{'y': 36, 'x': 83}, {'y': 0, 'x': 0}]",2565657,Shot,675,2H,1448.401844,100.0,203306141,"[402, 201, 1216, 1802]",2,73,2,73
10,Shot,"[{'id': 401}, {'id': 201}, {'id': 1215}, {'id': 1802}]",3322,"[{'y': 34, 'x': 90}, {'y': 0, 'x': 0}]",2565657,Shot,675,2H,1910.384045,100.0,203306235,"[401, 201, 1215, 1802]",39,64,39,64
10,Shot,"[{'id': 402}, {'id': 2101}, {'id': 1802}]",3322,"[{'y': 63, 'x': 84}, {'y': 100, 'x': 100}]",2565664,Shot,675,2H,148.6586510000002,100.0,206837494,"[402, 2101, 1802]",93,86,87,73
10,Shot,"[{'id': 402}, {'id': 201}, {'id': 1212}, {'id': 1802}]",3322,"[{'y': 49, 'x': 83}, {'y': 100, 'x': 100}]",2565664,Shot,675,2H,1790.5466690000003,100.0,206837980,"[402, 201, 1212, 1802]",22,52,70,58
10,Shot,"[{'id': 402}, {'id': 2101}, {'id': 1802}]",3322,"[{'y': 67, 'x': 91}, {'y': 100, 'x': 100}]",2565664,Shot,675,2H,2226.55801,100.0,206838054,"[402, 2101, 1802]",6,77,4,59
10,Shot,"[{'id': 402}, {'id': 2101}, {'id': 1802}]",3322,"[{'y': 66, 'x': 88}, {'y': 100, 'x': 100}]",2565664,Shot,675,2H,2600.275557,100.0,206838189,"[402, 2101, 1802]",12,36,34,45
10,Shot,"[{'id': 402}, {'id': 201}, {'id': 1212}, {'id': 1802}]",3322,"[{'y': 63, 'x': 71}, {'y': 0, 'x': 0}]",2565673,Shot,675,1H,365.415295,100.0,209068866,"[402, 201, 1212, 1802]",78,67,78,67
10,Shot,"[{'id': 403}, {'id': 201}, {'id': 1223}, {'id': 1802}]",3322,"[{'y': 65, 'x': 96}, {'y': 0, 'x': 0}]",2565673,Shot,675,1H,533.468693,100.0,209068918,"[403, 201, 1223, 1802]",91,26,9,74
10,Shot,"[{'id': 401}, {'id': 201}, {'id': 1204}, {'id': 1801}]",3322,"[{'y': 50, 'x': 85}, {'y': 0, 'x': 0}]",2565673,Shot,675,1H,2217.200624,100.0,209069381,"[401, 201, 1204, 1801]",77,60,77,60
10,Shot,"[{'id': 403}, {'id': 201}, {'id': 1209}, {'id': 1801}]",3322,"[{'y': 55, 'x': 89}, {'y': 0, 'x': 0}]",2565673,Shot,675,1H,2582.199156,100.0,209069428,"[403, 201, 1209, 1801]",11,72,11,72
10,Shot,"[{'id': 403}, {'id': 1215}, {'id': 1802}]",3322,"[{'y': 59, 'x': 89}, {'y': 0, 'x': 0}]",2565673,Shot,675,2H,1121.4888110000002,100.0,209069937,"[403, 1215, 1802]",65,64,65,64
10,Shot,"[{'id': 101}, {'id': 401}, {'id': 201}, {'id': 1203}, {'id': 1801}]",3322,"[{'y': 46, 'x': 95}, {'y': 0, 'x': 0}]",2565673,Shot,675,2H,1823.2877120000005,100.0,209070203,"[101, 401, 201, 1203, 1801]",6,66,93,38
10,Shot,"[{'id': 1901}, {'id': 402}, {'id': 201}, {'id': 1203}, {'id': 1801}]",3322,"[{'y': 30, 'x': 83}, {'y': 100, 'x': 100}]",2565687,Shot,675,1H,968.674089,100.0,211071646,"[1901, 402, 201, 1203, 1801]",35,10,41,1
10,Shot,"[{'id': 401}, {'id': 201}, {'id': 1210}, {'id': 1802}]",3322,"[{'y': 63, 'x': 93}, {'y': 100, 'x': 100}]",2565687,Shot,675,1H,2154.725493,100.0,211072012,"[401, 201, 1210, 1802]",34,54,32,53
10,Shot,"[{'id': 401}, {'id': 201}, {'id': 1210}, {'id': 1802}]",3322,"[{'y': 68, 'x': 84}, {'y': 100, 'x': 100}]",2565687,Shot,675,2H,1565.0916880000004,100.0,211072704,"[401, 201, 1210, 1802]",52,75,35,70
10,Shot,"[{'id': 403}, {'id': 201}, {'id': 1207}, {'id': 1801}]",3322,"[{'y': 43, 'x': 88}, {'y': 100, 'x': 100}]",2565687,Shot,675,2H,2359.842344,100.0,211072951,"[403, 201, 1207, 1801]",100,65,0,0
10,Shot,"[{'id': 403}, {'id': 201}, {'id': 1211}, {'id': 1802}]",3322,"[{'y': 57, 'x': 86}, {'y': 100, 'x': 100}]",2565687,Shot,675,2H,2403.576617,100.0,211072959,"[403, 201, 1211, 1802]",93,29,92,25
10,Shot,"[{'id': 401}, {'id': 201}, {'id': 1210}, {'id': 1802}]",3322,"[{'y': 67, 'x': 87}, {'y': 0, 'x': 0}]",2565695,Shot,675,1H,601.489762,100.0,213090639,"[401, 201, 1210, 1802]",82,40,60,65
10,Shot,"[{'id': 101}, {'id': 402}, {'id': 201}, {'id': 1202}, {'id': 1801}]",3322,"[{'y': 62, 'x': 88}, {'y': 0, 'x': 0}]",2565695,Shot,675,1H,1331.988046,100.0,213089211,"[101, 402, 201, 1202, 1801]",100,39,89,37
10,Shot,"[{'id': 402}, {'id': 201}, {'id': 1203}, {'id': 1801}]",3322,"[{'y': 44, 'x': 94}, {'y': 0, 'x': 0}]",2565695,Shot,675,1H,2062.26828,100.0,213089427,"[402, 201, 1203, 1801]",37,75,37,71
10,Shot,"[{'id': 401}, {'id': 201}, {'id': 1210}, {'id': 1802}]",3322,"[{'y': 44, 'x': 93}, {'y': 0, 'x': 0}]",2565695,Shot,675,1H,2105.964189,100.0,213089445,"[401, 201, 1210, 1802]",68,60,73,62
10,Shot,"[{'id': 1901}, {'id': 402}, {'id': 2101}, {'id': 1802}]",3322,"[{'y': 37, 'x': 91}, {'y': 0, 'x': 0}]",2565711,Shot,675,1H,1233.866832,100.0,216986636,"[1901, 402, 2101, 1802]",13,85,36,11
10,Shot,"[{'id': 401}, {'id': 201}, {'id': 1202}, {'id': 1801}]",3322,"[{'y': 27, 'x': 94}, {'y': 0, 'x': 0}]",2565711,Shot,675,1H,1859.296537,100.0,216986866,"[401, 201, 1202, 1801]",96,51,96,51
10,Shot,"[{'id': 403}, {'id': 201}, {'id': 1215}, {'id': 1802}]",3322,"[{'y': 48, 'x': 92}, {'y': 0, 'x': 0}]",2565711,Shot,675,1H,1893.058396,100.0,216986878,"[403, 201, 1215, 1802]",51,92,51,92
10,Shot,"[{'id': 402}, {'id': 201}, {'id': 1212}, {'id': 1802}]",3322,"[{'y': 19, 'x': 80}, {'y': 0, 'x': 0}]",2565711,Shot,675,2H,74.97046499999988,100.0,216987097,"[402, 201, 1212, 1802]",22,60,22,60
10,Shot,"[{'id': 402}, {'id': 201}, {'id': 1201}, {'id': 1801}]",3322,"[{'y': 62, 'x': 87}, {'y': 100, 'x': 100}]",2565723,Shot,675,1H,186.376001,100.0,219419747,"[402, 201, 1201, 1801]",55,35,55,35
10,Shot,"[{'id': 402}, {'id': 201}, {'id': 1216}, {'id': 1802}]",3322,"[{'y': 49, 'x': 85}, {'y': 100, 'x': 100}]",2565723,Shot,675,2H,491.49799600000006,100.0,219420863,"[402, 201, 1216, 1802]",91,91,9,9
10,Shot,"[{'id': 403}, {'id': 201}, {'id': 1202}, {'id': 1801}]",3322,"[{'y': 56, 'x': 89}, {'y': 100, 'x': 100}]",2565723,Shot,675,2H,1151.0748210000002,100.0,219421122,"[403, 201, 1202, 1801]",33,37,33,37
10,Shot,"[{'id': 1901}, {'id': 402}, {'id': 201}, {'id': 1201}, {'id': 1801}]",3322,"[{'y': 72, 'x': 89}, {'y': 100, 'x': 100}]",2565723,Shot,675,2H,2099.0919750000003,100.0,219421475,"[1901, 402, 201, 1201, 1801]",88,60,88,60
10,Shot,"[{'id': 401}, {'id': 201}, {'id': 1215}, {'id': 1802}]",3322,"[{'y': 28, 'x': 90}, {'y': 100, 'x': 100}]",2565723,Shot,675,2H,2306.762062,100.0,219421549,"[401, 201, 1215, 1802]",56,20,56,20
10,Shot,"[{'id': 402}, {'id': 2101}, {'id': 1802}]",3322,"[{'y': 24, 'x': 86}, {'y': 0, 'x': 0}]",2565733,Shot,675,1H,438.5439750000001,100.0,220608511,"[402, 2101, 1802]",92,65,40,38
10,Shot,"[{'id': 402}, {'id': 201}, {'id': 1212}, {'id': 1802}]",3322,"[{'y': 63, 'x': 94}, {'y': 0, 'x': 0}]",2565733,Shot,675,1H,1746.44403,100.0,220608914,"[402, 201, 1212, 1802]",16,5,8,14
10,Shot,"[{'id': 402}, {'id': 201}, {'id': 1216}, {'id': 1802}]",3322,"[{'y': 67, 'x': 91}, {'y': 0, 'x': 0}]",2565733,Shot,675,1H,1810.698302,100.0,220608945,"[402, 201, 1216, 1802]",28,35,11,61
10,Shot,"[{'id': 402}, {'id': 2101}, {'id': 201}, {'id': 1802}]",3322,"[{'y': 56, 'x': 88}, {'y': 0, 'x': 0}]",2565733,Shot,675,1H,2219.359318,100.0,220609082,"[402, 2101, 201, 1802]",93,57,79,37
10,Shot,"[{'id': 401}, {'id': 201}, {'id': 1201}, {'id': 1801}]",3322,"[{'y': 49, 'x': 95}, {'y': 0, 'x': 0}]",2565733,Shot,675,1H,2694.418008,100.0,220609237,"[401, 201, 1201, 1801]",39,18,46,14
10,Shot,"[{'id': 1901}, {'id': 402}, {'id': 2101}, {'id': 1802}]",3322,"[{'y': 28, 'x': 89}, {'y': 0, 'x': 0}]",2565733,Shot,675,2H,557.8289540000001,100.0,220609495,"[1901, 402, 2101, 1802]",90,15,65,45
10,Shot,"[{'id': 402}, {'id': 201}, {'id': 1202}, {'id': 1801}]",3322,"[{'y': 74, 'x': 92}, {'y': 0, 'x': 0}]",2565733,Shot,675,2H,662.2065769999999,100.0,220609553,"[402, 201, 1202, 1801]",63,26,59,32
10,Shot,"[{'id': 402}, {'id': 201}, {'id': 1201}, {'id': 1801}]",3322,"[{'y': 37, 'x': 79}, {'y': 0, 'x': 0}]",2565733,Shot,675,2H,1225.0378950000004,100.0,220609750,"[402, 201, 1201, 1801]",9,75,18,97
10,Shot,"[{'id': 403}, {'id': 201}, {'id': 1214}, {'id': 1802}]",3322,"[{'y': 40, 'x': 90}, {'y': 0, 'x': 0}]",2565738,Shot,675,1H,227.85488400000003,100.0,222583879,"[403, 201, 1214, 1802]",75,53,26,46
10,Shot,"[{'id': 403}, {'id': 201}, {'id': 1207}, {'id': 1801}]",3322,"[{'y': 55, 'x': 95}, {'y': 0, 'x': 0}]",2565738,Shot,675,1H,1651.045362,100.0,222584337,"[403, 201, 1207, 1801]",87,67,87,67
10,Shot,"[{'id': 402}, {'id': 2101}, {'id': 1802}]",3322,"[{'y': 23, 'x': 74}, {'y': 0, 'x': 0}]",2565738,Shot,675,1H,1834.043958,100.0,222584404,"[402, 2101, 1802]",26,68,80,34
10,Shot,"[{'id': 402}, {'id': 201}, {'id': 1216}, {'id': 1802}]",3322,"[{'y': 40, 'x': 87}, {'y': 0, 'x': 0}]",2565738,Shot,675,2H,1158.941954,100.0,222585056,"[402, 201, 1216, 1802]",60,86,40,14
10,Shot,"[{'id': 401}, {'id': 201}, {'id': 1213}, {'id': 1802}]",3322,"[{'y': 58, 'x': 93}, {'y': 0, 'x': 0}]",2565738,Shot,675,2H,1590.3391279999996,100.0,222585178,"[401, 201, 1213, 1802]",100,100,0,4
10,Shot,"[{'id': 101}, {'id': 401}, {'id': 201}, {'id': 1208}, {'id': 1801}]",3322,"[{'y': 45, 'x': 97}, {'y': 0, 'x': 0}]",2565738,Shot,675,2H,1964.306371,100.0,222585313,"[101, 401, 201, 1208, 1801]",56,96,56,96
10,Shot,"[{'id': 101}, {'id': 403}, {'id': 201}, {'id': 1202}, {'id': 1801}]",3322,"[{'y': 51, 'x': 92}, {'y': 0, 'x': 0}]",2565738,Shot,675,2H,2293.603443,100.0,222585412,"[101, 403, 201, 1202, 1801]",57,34,57,34
10,Shot,"[{'id': 1901}, {'id': 402}, {'id': 2101}, {'id': 201}, {'id': 1802}]",3322,"[{'y': 26, 'x': 89}, {'y': 100, 'x': 100}]",2565749,Shot,675,1H,1482.895518,100.0,224004252,"[1901, 402, 2101, 201, 1802]",56,11,56,12
10,Shot,"[{'id': 402}, {'id': 201}, {'id': 1205}, {'id': 1801}]",3322,"[{'y': 32, 'x': 95}, {'y': 100, 'x': 100}]",2565749,Shot,675,1H,1618.26494,100.0,224004302,"[402, 201, 1205, 1801]",19,85,13,92
10,Shot,"[{'id': 402}, {'id': 201}, {'id': 1201}, {'id': 1801}]",3322,"[{'y': 51, 'x': 92}, {'y': 100, 'x': 100}]",2565749,Shot,675,2H,1360.2439329999995,100.0,224005169,"[402, 201, 1201, 1801]",66,46,41,53
10,Shot,"[{'id': 402}, {'id': 2101}, {'id': 201}, {'id': 1802}]",3322,"[{'y': 56, 'x': 89}, {'y': 100, 'x': 100}]",2565749,Shot,675,2H,2178.9546520000004,100.0,224005434,"[402, 2101, 201, 1802]",49,19,41,19
10,Shot,"[{'id': 401}, {'id': 201}, {'id': 1215}, {'id': 1802}]",3322,"[{'y': 27, 'x': 89}, {'y': 100, 'x': 100}]",2565766,Shot,675,1H,841.487705,100.0,225807441,"[401, 201, 1215, 1802]",43,56,32,66
10,Shot,"[{'id': 401}, {'id': 201}, {'id': 1216}, {'id': 1802}]",3322,"[{'y': 33, 'x': 96}, {'y': 100, 'x': 100}]",2565766,Shot,675,1H,1077.961921,100.0,225807527,"[401, 201, 1216, 1802]",94,77,94,88
10,Shot,"[{'id': 402}, {'id': 201}, {'id': 1202}, {'id': 1801}]",3322,"[{'y': 53, 'x': 96}, {'y': 100, 'x': 100}]",2565766,Shot,675,1H,1885.636082,100.0,225807788,"[402, 201, 1202, 1801]",87,57,91,72
10,Shot,"[{'id': 402}, {'id': 2101}, {'id': 201}, {'id': 1802}]",3322,"[{'y': 64, 'x': 89}, {'y': 100, 'x': 100}]",2565766,Shot,675,2H,632.140558,100.0,225808242,"[402, 2101, 201, 1802]",84,67,37,91
10,Shot,"[{'id': 402}, {'id': 201}, {'id': 1205}, {'id': 1801}]",3322,"[{'y': 31, 'x': 79}, {'y': 100, 'x': 100}]",2565766,Shot,675,2H,1104.049434,100.0,225808354,"[402, 201, 1205, 1801]",50,90,65,85
10,Shot,"[{'id': 401}, {'id': 1215}, {'id': 1802}]",3322,"[{'y': 35, 'x': 98}, {'y': 0, 'x': 0}]",2565772,Shot,675,1H,491.190122,100.0,227294518,"[401, 1215, 1802]",48,34,34,38
10,Shot,"[{'id': 401}, {'id': 2101}, {'id': 1802}]",3322,"[{'y': 63, 'x': 86}, {'y': 0, 'x': 0}]",2565772,Shot,675,1H,1325.686084,100.0,227294827,"[401, 2101, 1802]",33,61,65,66
10,Shot,"[{'id': 101}, {'id': 402}, {'id': 201}, {'id': 1201}, {'id': 1801}]",3322,"[{'y': 48, 'x': 91}, {'y': 0, 'x': 0}]",2565772,Shot,675,1H,1605.877465,100.0,227294926,"[101, 402, 201, 1201, 1801]",100,100,43,8
10,Shot,"[{'id': 402}, {'id': 201}, {'id': 1218}, {'id': 1802}]",3322,"[{'y': 50, 'x': 92}, {'y': 0, 'x': 0}]",2565772,Shot,675,1H,1937.591982,100.0,227295002,"[402, 201, 1218, 1802]",20,34,3,67
10,Shot,"[{'id': 101}, {'id': 403}, {'id': 201}, {'id': 1206}, {'id': 1801}]",3322,"[{'y': 58, 'x': 89}, {'y': 0, 'x': 0}]",2565772,Shot,675,1H,2192.937774,100.0,227295067,"[101, 403, 201, 1206, 1801]",29,36,0,0
10,Shot,"[{'id': 101}, {'id': 401}, {'id': 201}, {'id': 1201}, {'id': 1801}]",3322,"[{'y': 41, 'x': 96}, {'y': 0, 'x': 0}]",2565772,Shot,675,2H,2091.81554,100.0,227295973,"[101, 401, 201, 1201, 1801]",2,49,15,58
10,Shot,"[{'id': 403}, {'id': 201}, {'id': 1210}, {'id': 1802}]",3322,"[{'y': 46, 'x': 95}, {'y': 0, 'x': 0}]",2565772,Shot,675,2H,2649.103161,100.0,227296136,"[403, 201, 1210, 1802]",9,39,9,39
10,Shot,"[{'id': 402}, {'id': 201}, {'id': 1203}, {'id': 1801}]",3322,"[{'y': 65, 'x': 86}, {'y': 100, 'x': 100}]",2565780,Shot,675,1H,632.304274,100.0,229135639,"[402, 201, 1203, 1801]",19,49,64,58
10,Shot,"[{'id': 403}, {'id': 201}, {'id': 1203}, {'id': 1801}]",3322,"[{'y': 61, 'x': 90}, {'y': 100, 'x': 100}]",2565780,Shot,675,1H,2133.046566,100.0,229136080,"[403, 201, 1203, 1801]",34,30,11,29
10,Shot,"[{'id': 401}, {'id': 201}, {'id': 1203}, {'id': 1801}]",3322,"[{'y': 34, 'x': 90}, {'y': 100, 'x': 100}]",2565780,Shot,675,1H,2446.00945,100.0,229136172,"[401, 201, 1203, 1801]",8,31,14,26
10,Shot,"[{'id': 402}, {'id': 2101}, {'id': 1802}]",3322,"[{'y': 56, 'x': 86}, {'y': 100, 'x': 100}]",2565780,Shot,675,2H,546.5323330000001,100.0,229136508,"[402, 2101, 1802]",20,55,20,55
10,Shot,"[{'id': 101}, {'id': 402}, {'id': 201}, {'id': 1203}, {'id': 1801}]",3322,"[{'y': 32, 'x': 90}, {'y': 100, 'x': 100}]",2565780,Shot,675,2H,1192.6238990000002,100.0,229136767,"[101, 402, 201, 1203, 1801]",78,66,78,66
10,Shot,"[{'id': 402}, {'id': 2101}, {'id': 201}, {'id': 1802}]",3322,"[{'y': 46, 'x': 89}, {'y': 0, 'x': 0}]",2565796,Shot,675,1H,536.21977,100.0,230377794,"[402, 2101, 201, 1802]",38,58,61,41
10,Shot,"[{'id': 1901}, {'id': 402}, {'id': 201}, {'id': 1201}, {'id': 1801}]",3322,"[{'y': 33, 'x': 87}, {'y': 0, 'x': 0}]",2565796,Shot,675,1H,937.028417,100.0,230377922,"[1901, 402, 201, 1201, 1801]",46,90,54,10
10,Shot,"[{'id': 403}, {'id': 2101}, {'id': 201}, {'id': 1802}]",3322,"[{'y': 46, 'x': 89}, {'y': 0, 'x': 0}]",2565796,Shot,675,1H,1629.534466,100.0,230378159,"[403, 2101, 201, 1802]",71,40,29,60
10,Shot,"[{'id': 402}, {'id': 201}, {'id': 1216}, {'id': 1802}]",3322,"[{'y': 35, 'x': 87}, {'y': 0, 'x': 0}]",2565796,Shot,675,1H,1675.660999,100.0,230378186,"[402, 201, 1216, 1802]",61,31,61,31
10,Shot,"[{'id': 101}, {'id': 401}, {'id': 201}, {'id': 1205}, {'id': 1801}]",3322,"[{'y': 50, 'x': 88}, {'y': 0, 'x': 0}]",2565796,Shot,675,1H,2583.818891,100.0,230378490,"[101, 401, 201, 1205, 1801]",18,0,82,100
10,Shot,"[{'id': 101}, {'id': 402}, {'id': 201}, {'id': 1201}, {'id': 1801}]",3322,"[{'y': 55, 'x': 88}, {'y': 0, 'x': 0}]",2565796,Shot,675,2H,950.594795,100.0,230378887,"[101, 402, 201, 1201, 1801]",33,89,67,11
10,Shot,"[{'id': 402}, {'id': 201}, {'id': 1202}, {'id': 1801}]",3322,"[{'y': 49, 'x': 86}, {'y': 0, 'x': 0}]",2565796,Shot,675,2H,2731.695363,100.0,230379394,"[402, 201, 1202, 1801]",41,87,59,13
10,Shot,"[{'id': 402}, {'id': 2101}, {'id': 201}, {'id': 1802}]",3322,"[{'y': 63, 'x': 93}, {'y': 0, 'x': 0}]",2565796,Shot,675,2H,2771.986032,100.0,230379406,"[402, 2101, 201, 1802]",65,79,65,79
10,Shot,"[{'id': 101}, {'id': 401}, {'id': 201}, {'id': 1205}, {'id': 1801}]",3322,"[{'y': 52, 'x': 86}, {'y': 0, 'x': 0}]",2565812,Shot,675,1H,2703.844052,100.0,232024410,"[101, 401, 201, 1205, 1801]",88,32,88,32
10,Shot,"[{'id': 402}, {'id': 201}, {'id': 1216}, {'id': 1802}]",3322,"[{'y': 34, 'x': 81}, {'y': 0, 'x': 0}]",2565812,Shot,675,1H,2814.531611,100.0,232024445,"[402, 201, 1216, 1802]",42,70,42,70
10,Shot,"[{'id': 402}, {'id': 201}, {'id': 1201}, {'id': 1801}]",3322,"[{'y': 49, 'x': 95}, {'y': 0, 'x': 0}]",2565812,Shot,675,2H,1398.2096549999997,100.0,232025032,"[402, 201, 1201, 1801]",11,10,11,10
10,Shot,"[{'id': 101}, {'id': 403}, {'id': 201}, {'id': 1203}, {'id': 1801}]",3322,"[{'y': 45, 'x': 97}, {'y': 0, 'x': 0}]",2565812,Shot,675,2H,1960.677134,100.0,232025154,"[101, 403, 201, 1203, 1801]",67,17,67,17
10,Shot,"[{'id': 101}, {'id': 402}, {'id': 201}, {'id': 1205}, {'id': 1801}]",3322,"[{'y': 42, 'x': 88}, {'y': 100, 'x': 100}]",2565818,Shot,675,1H,1981.653014,100.0,233365613,"[101, 402, 201, 1205, 1801]",9,90,9,90
10,Shot,"[{'id': 401}, {'id': 201}, {'id': 1204}, {'id': 1801}]",3322,"[{'y': 43, 'x': 88}, {'y': 100, 'x': 100}]",2565818,Shot,675,1H,2521.058227,100.0,233365791,"[401, 201, 1204, 1801]",34,32,34,32
10,Shot,"[{'id': 402}, {'id': 201}, {'id': 1215}, {'id': 1802}]",3322,"[{'y': 64, 'x': 88}, {'y': 100, 'x': 100}]",2565818,Shot,675,2H,480.959331,100.0,233366083,"[402, 201, 1215, 1802]",74,94,31,5
10,Shot,"[{'id': 402}, {'id': 201}, {'id': 1204}, {'id': 1801}]",3322,"[{'y': 53, 'x': 86}, {'y': 100, 'x': 100}]",2565818,Shot,675,2H,969.610912,100.0,233366217,"[402, 201, 1204, 1801]",0,0,0,28
10,Shot,"[{'id': 1901}, {'id': 401}, {'id': 2101}, {'id': 1802}]",3322,"[{'y': 53, 'x': 76}, {'y': 100, 'x': 100}]",2565818,Shot,675,2H,1327.5363319999997,100.0,233366309,"[1901, 401, 2101, 1802]",27,68,73,32
10,Shot,"[{'id': 101}, {'id': 403}, {'id': 201}, {'id': 1207}, {'id': 1801}]",3322,"[{'y': 50, 'x': 94}, {'y': 100, 'x': 100}]",2565818,Shot,675,2H,2308.60863,100.0,233366614,"[101, 403, 201, 1207, 1801]",83,9,17,91
10,Shot,"[{'id': 401}, {'id': 2101}, {'id': 201}, {'id': 1802}]",3322,"[{'y': 30, 'x': 92}, {'y': 0, 'x': 0}]",2565836,Shot,675,1H,470.103917,100.0,235353159,"[401, 2101, 201, 1802]",0,78,9,75
10,Shot,"[{'id': 101}, {'id': 401}, {'id': 201}, {'id': 1206}, {'id': 1801}]",3322,"[{'y': 46, 'x': 87}, {'y': 0, 'x': 0}]",2565836,Shot,675,1H,626.836376,100.0,235353184,"[101, 401, 201, 1206, 1801]",83,31,57,32
10,Shot,"[{'id': 402}, {'id': 201}, {'id': 1210}, {'id': 1802}]",3322,"[{'y': 30, 'x': 91}, {'y': 0, 'x': 0}]",2565836,Shot,675,1H,941.718352,100.0,235353237,"[402, 201, 1210, 1802]",8,38,10,42
10,Shot,"[{'id': 402}, {'id': 201}, {'id': 1205}, {'id': 1801}]",3322,"[{'y': 57, 'x': 73}, {'y': 0, 'x': 0}]",2565836,Shot,675,1H,1970.765834,100.0,235353503,"[402, 201, 1205, 1801]",60,10,99,81
10,Shot,"[{'id': 402}, {'id': 201}, {'id': 1215}, {'id': 1802}]",3322,"[{'y': 38, 'x': 90}, {'y': 0, 'x': 0}]",2565836,Shot,675,1H,2750.68953,100.0,235353780,"[402, 201, 1215, 1802]",95,57,34,45
10,Shot,"[{'id': 101}, {'id': 401}, {'id': 201}, {'id': 1207}, {'id': 1801}]",3322,"[{'y': 51, 'x': 89}, {'y': 0, 'x': 0}]",2565836,Shot,675,2H,119.33924800000024,100.0,235353852,"[101, 401, 201, 1207, 1801]",83,56,97,61
10,Shot,"[{'id': 403}, {'id': 201}, {'id': 1216}, {'id': 1802}]",3322,"[{'y': 59, 'x': 91}, {'y': 0, 'x': 0}]",2565836,Shot,675,2H,636.7124309999999,100.0,235354004,"[403, 201, 1216, 1802]",58,68,26,70
10,Shot,"[{'id': 101}, {'id': 402}, {'id': 201}, {'id': 1204}, {'id': 1801}]",3322,"[{'y': 48, 'x': 96}, {'y': 0, 'x': 0}]",2565836,Shot,675,2H,1122.512596,100.0,235354202,"[101, 402, 201, 1204, 1801]",62,41,68,71
10,Shot,"[{'id': 101}, {'id': 402}, {'id': 201}, {'id': 1201}, {'id': 1801}]",3322,"[{'y': 53, 'x': 88}, {'y': 0, 'x': 0}]",2565836,Shot,675,2H,2746.3617860000004,100.0,235354582,"[101, 402, 201, 1201, 1801]",7,65,26,53
10,Shot,"[{'id': 402}, {'id': 201}, {'id': 1206}, {'id': 1801}]",3322,"[{'y': 60, 'x': 97}, {'y': 0, 'x': 0}]",2565852,Shot,675,1H,542.241828,100.0,241111705,"[402, 201, 1206, 1801]",11,47,15,53
10,Shot,"[{'id': 401}, {'id': 201}, {'id': 1207}, {'id': 1801}]",3322,"[{'y': 50, 'x': 72}, {'y': 0, 'x': 0}]",2565852,Shot,675,1H,1145.358226,100.0,241111942,"[401, 201, 1207, 1801]",3,39,16,37
10,Shot,"[{'id': 401}, {'id': 2101}, {'id': 1802}]",3322,"[{'y': 54, 'x': 87}, {'y': 0, 'x': 0}]",2565852,Shot,675,1H,2459.56559,100.0,241112549,"[401, 2101, 1802]",70,71,35,53
10,Shot,"[{'id': 101}, {'id': 402}, {'id': 201}, {'id': 1205}, {'id': 1801}]",3322,"[{'y': 62, 'x': 91}, {'y': 0, 'x': 0}]",2565852,Shot,675,2H,484.381652,100.0,241112699,"[101, 402, 201, 1205, 1801]",42,2,25,38
10,Shot,"[{'id': 403}, {'id': 1216}, {'id': 1802}]",3322,"[{'y': 55, 'x': 89}, {'y': 0, 'x': 0}]",2565876,Shot,675,1H,322.519394,100.0,244377029,"[403, 1216, 1802]",7,34,23,26
10,Shot,"[{'id': 403}, {'id': 201}, {'id': 1222}, {'id': 1802}]",3322,"[{'y': 44, 'x': 89}, {'y': 0, 'x': 0}]",2565876,Shot,675,1H,501.244866,100.0,244377105,"[403, 201, 1222, 1802]",69,56,91,59
10,Shot,"[{'id': 1901}, {'id': 402}, {'id': 201}, {'id': 1210}, {'id': 1802}]",3322,"[{'y': 27, 'x': 89}, {'y': 0, 'x': 0}]",2565876,Shot,675,1H,734.768502,100.0,244377242,"[1901, 402, 201, 1210, 1802]",0,72,46,87
10,Shot,"[{'id': 401}, {'id': 201}, {'id': 1205}, {'id': 1801}]",3322,"[{'y': 43, 'x': 89}, {'y': 0, 'x': 0}]",2565876,Shot,675,1H,919.995266,100.0,244377311,"[401, 201, 1205, 1801]",20,37,20,41
10,Shot,"[{'id': 402}, {'id': 2101}, {'id': 1802}]",3322,"[{'y': 62, 'x': 92}, {'y': 0, 'x': 0}]",2565876,Shot,675,2H,471.7481849999999,100.0,244378325,"[402, 2101, 1802]",85,36,61,16
10,Shot,"[{'id': 401}, {'id': 201}, {'id': 1201}, {'id': 1801}]",3322,"[{'y': 27, 'x': 85}, {'y': 0, 'x': 0}]",2565876,Shot,675,2H,1347.7492540000003,100.0,244378464,"[401, 201, 1201, 1801]",54,49,73,50
10,Shot,"[{'id': 1901}, {'id': 402}, {'id': 2101}, {'id': 201}, {'id': 1802}]",3322,"[{'y': 69, 'x': 91}, {'y': 0, 'x': 0}]",2565876,Shot,675,2H,1650.6050320000004,100.0,244378511,"[1901, 402, 2101, 201, 1802]",24,95,51,92
10,Shot,"[{'id': 101}, {'id': 402}, {'id': 1401}, {'id': 201}, {'id': 1205}, {'id': 1801}]",3322,"[{'y': 48, 'x': 94}, {'y': 0, 'x': 0}]",2565876,Shot,675,2H,2488.477661,100.0,244378737,"[101, 402, 1401, 201, 1205, 1801]",22,32,23,43
10,Shot,"[{'id': 402}, {'id': 201}, {'id': 1203}, {'id': 1801}]",3322,"[{'y': 14, 'x': 88}, {'y': 100, 'x': 100}]",2565907,Shot,675,1H,419.789814,100.0,249644185,"[402, 201, 1203, 1801]",81,82,81,82
10,Shot,"[{'id': 101}, {'id': 402}, {'id': 201}, {'id': 1201}, {'id': 1801}]",3322,"[{'y': 51, 'x': 99}, {'y': 100, 'x': 100}]",2565907,Shot,675,1H,842.263114,100.0,249644266,"[101, 402, 201, 1201, 1801]",9,70,9,70
10,Shot,"[{'id': 403}, {'id': 201}, {'id': 1215}, {'id': 1802}]",3322,"[{'y': 55, 'x': 93}, {'y': 100, 'x': 100}]",2565907,Shot,675,1H,1437.392966,100.0,249644341,"[403, 201, 1215, 1802]",7,66,7,66
10,Shot,"[{'id': 402}, {'id': 201}, {'id': 1201}, {'id': 1801}]",3322,"[{'y': 66, 'x': 89}, {'y': 100, 'x': 100}]",2565907,Shot,675,1H,1567.721569,100.0,249644381,"[402, 201, 1201, 1801]",7,28,7,28
10,Shot,"[{'id': 401}, {'id': 201}, {'id': 1210}, {'id': 1802}]",3322,"[{'y': 31, 'x': 87}, {'y': 100, 'x': 100}]",2565907,Shot,675,1H,1632.151452,100.0,249644402,"[401, 201, 1210, 1802]",13,76,13,76
10,Shot,"[{'id': 403}, {'id': 201}, {'id': 1214}, {'id': 1802}]",3322,"[{'y': 65, 'x': 96}, {'y': 100, 'x': 100}]",2565907,Shot,675,1H,2267.221122,100.0,249644513,"[403, 201, 1214, 1802]",7,14,93,86
10,Shot,"[{'id': 402}, {'id': 201}, {'id': 1203}, {'id': 1801}]",3322,"[{'y': 27, 'x': 72}, {'y': 100, 'x': 100}]",2565927,Shot,675,1H,424.938013,100.0,253300649,"[402, 201, 1203, 1801]",68,32,68,32
10,Shot,"[{'id': 401}, {'id': 201}, {'id': 1215}, {'id': 1802}]",3322,"[{'y': 38, 'x': 74}, {'y': 100, 'x': 100}]",2565927,Shot,675,1H,1008.119968,100.0,253300892,"[401, 201, 1215, 1802]",5,62,5,62
10,Shot,"[{'id': 101}, {'id': 403}, {'id': 201}, {'id': 1202}, {'id': 1801}]",3322,"[{'y': 48, 'x': 93}, {'y': 100, 'x': 100}]",2565927,Shot,675,1H,1893.736105,100.0,253301228,"[101, 403, 201, 1202, 1801]",62,27,62,27
10,Shot,"[{'id': 401}, {'id': 201}, {'id': 1210}, {'id': 1802}]",3322,"[{'y': 66, 'x': 90}, {'y': 100, 'x': 100}]",2565927,Shot,675,1H,2307.255655,100.0,253301393,"[401, 201, 1210, 1802]",39,30,39,30
